name,email,company,status
Ali Khan,ali.khan@example.com,TechNova Solutions,Active
Ahmed Raza,ahmed.raza@example.com,DigitalEdge,Active
Sara Ahmed,sara.ahmed@example.com,CloudWorks,Active
Usman Malik,usman.malik@example.com,NextGen Technologies,Active
Ayesha Siddiqui,ayesha.siddiqui@example.com,PixelSoft,Active
Hamza Sheikh,hamza.sheikh@example.com,CodeCraft,Inactive
Fatima Noor,fatima.noor@example.com,DataSphere,Active
Bilal Hussain,bilal.hussain@example.com,WebCore,Active
Zainab Ali,zainab.ali@example.com,InnovateHub,Active
Hassan Shah,hassan.shah@example.com,SoftSolutions,Inactive
Omar Farooq,omar.farooq@example.com,DevMatrix,Active
Maham Khan,maham.khan@example.com,TechBridge,Active
Saad Ahmed,saad.ahmed@example.com,AppWorks,Active
Hira Malik,hira.malik@example.com,CloudNova,Active
Danish Iqbal,danish.iqbal@example.com,ByteLabs,Inactive