"id","name","email","status","last_sent_at"
"26","Ali Khan","ali@example.com","Pending","2026-09-08T18:35:10"
"27","Ahmed Raza","ahmed@example.com","Pending",""
"28","Sara Ahmed","sara@example.com","Pending","2026-09-08T18:35:27"
"29","Usman Ali","usman@example.com","Pending",""
"30","Hassan Khan","hassan@example.com","Pending",""
"41","Saad Hassan","saad.hassan@webworks.com","Pending",""
"42","Kiran Aslam","kiran.aslam@marketpro.com","Pending",""
"43","Fahad Ahmed","fahad.ahmed@datalink.com","Pending",""
"44","Nimra Khalid","nimra.khalid@brightfuture.com","Pending",""
"45","Talha Rehman","talha.rehman@devmatrix.com","Pending",""
"46","Laiba Hassan","laiba.hassan@creativeminds.com","Pending",""
"47","Waleed Akhtar","waleed.akhtar@softpeak.com","Pending",""
"48","Anam Fatima","anam.fatima@techvision.com","Pending",""
"49","Rayan Ahmed","rayan.ahmed@appforge.com","Pending",""
"50","Sana Javed","sana.javed@businessbridge.com","Pending",""
"51","Arham Khan","arham.khan@codewave.com","Pending",""
"52","Eman Zahid","eman.zahid@digitalworks.com","Pending",""
"53","Shahzaib Raza","shahzaib.raza@cloudmatrix.com","Pending",""
"54","Alina Saeed","alina.saeed@startuphub.com","Pending",""
"55","Yahya Malik","yahya.malik@enterprisesolutions.com","Pending",""
"56","Mehwish Tariq","mehwish.tariq@protech.com","Pending",""
"60","Hina Malik","hina.malik@vertexsolutions.com","Pending",""
"61","Bilal Khan","bilal.khan@cloudcore.com","Pending",""
"62","Ayesha Siddiqui","ayesha.siddiqui@nextgenlabs.com","Pending",""
"63","Hamza Sheikh","hamza.sheikh@codecraft.com","Pending",""
"64","Maham Iqbal","maham.iqbal@innovatehub.com","Pending",""
"65","Danish Ali","danish.ali@primesoft.com","Pending",""
"66","Fatima Noor","fatima.noor@smartworks.com","Pending",""
"67","Zain Abbas","zain.abbas@bytebridge.com","Pending",""
"68","Maryam Shah","maryam.shah@futuretech.com","Pending",""
"69","Omer Farooq","omer.farooq@techsphere.com","Pending",""
"80","Iqra Yousuf","iqra.yousuf@growthpoint.com","Pending",""
"97","Ahmed Raza","ahmed.raza@technova.com","Pending",""
"98","Sara Ahmed","sara.ahmed@digitaledge.com","Pending",""
"99","Usman Tariq","usman.tariq@bluewave.com","Pending",""